Unnamed: 0,#,player name,age,ba,class,pos,g,ab,r,h,2b,3b,hr,rbi,sb,cs,bb,so,hbp,sh,sf,iw,gdp,tb,pa,xbh,1b,avg,obp,slg,ops,seca,iso,babip,bb%,so%,so/bb,ab/hr,hilvl,mlb years,stat years,draft info,Year
,9,Sam Novitske,0,R,So,if,15,62,11,15,4,0,0,2,2,1,8,23,2,2,0,0,0,19,74,4,11,0.242,0.347,0.306,0.654,0.21,0.065,.385,10.81,31.08,2.88,--,College,--,2019-2022,--,2020
,--,Kenyon Yovan,22,R,--,p,15,56,22,24,2,1,4,9,0,1,15,9,4,0,1,0,1,40,76,7,17,0.429,0.566,0.714,1.28,0.536,0.286,.455,19.74,11.84,0.60,14.00,AAA,--,2017-2024,2019- 27- 811-ANA,2020
,12,Gabe Matthews,22,L,Sr,1b,15,56,13,19,5,1,1,15,0,0,13,10,5,0,0,0,0,29,74,7,12,0.339,0.5,0.518,1.018,0.411,0.179,.400,17.57,13.51,0.77,56.00,AAA,--,2017-2023,2021- UDFA-ANA,2020
,31,Tanner Smith,20,L,So,of,15,55,13,13,3,0,0,4,2,0,13,10,6,0,1,0,2,16,75,3,10,0.236,0.427,0.291,0.718,0.327,0.055,.283,17.33,13.33,0.77,--,Indy,--,2019-2023,--,2020
,13,Aaron Zavala,20,L,So,of,15,55,7,23,1,0,1,22,2,0,8,3,2,0,2,0,4,27,67,2,21,0.418,0.493,0.491,0.983,0.255,0.073,.415,11.94,4.48,0.38,55.00,AA,--,2019-2024,2021- 2- 38-TEX,2020
,5,Gavin Grant,0,R,So,if,15,46,5,12,1,1,0,1,3,0,12,14,1,3,0,0,2,15,62,2,10,0.261,0.424,0.326,0.75,0.391,0.065,.375,19.35,22.58,1.17,--,College,--,2019-2023,--,2020
,35,Anthony Hall,19,L,Fr,1b,14,44,6,11,1,2,1,9,0,0,5,12,2,0,1,0,1,19,52,4,7,0.25,0.346,0.432,0.778,0.295,0.182,.313,9.62,23.08,2.40,44.00,A+,--,2020-2024,2022- 4- 130-NYA,2020
,2,Jack Scanlon,0,L,Fr,c-p,14,41,5,12,2,0,2,9,0,0,5,10,3,0,1,0,0,20,50,4,8,0.293,0.4,0.488,0.888,0.317,0.195,.333,10.0,20.0,2.00,20.50,College,--,2020-2024,--,2020
,45,Josh Kasevich,0,R,Fr,p-if,14,37,2,5,1,0,0,2,0,1,1,8,0,2,0,0,1,6,40,1,4,0.135,0.158,0.162,0.32,0.027,0.027,.172,2.5,20.0,8.00,--,AA,--,2020-2024,2022- 2- 60-TOR,2020
,20,Evan Williams,0,R,Jr,of,13,19,2,4,1,0,0,7,4,1,0,8,1,0,1,0,0,5,21,1,3,0.211,0.238,0.263,0.501,0.211,0.053,.333,0.0,38.1,--,--,College,--,2018-2021,--,2020
,11,AJ Miller,0,L,So,of,9,18,2,1,0,1,0,3,0,0,1,10,1,0,0,0,1,3,20,1,0,0.056,0.15,0.167,0.317,0.167,0.111,.125,5.0,50.0,10.00,--,College,--,2019-2023,--,2020
,17,Sam Olsson,21,R,Jr,c,10,17,1,3,0,0,0,3,0,0,2,4,1,0,1,0,1,3,21,0,3,0.176,0.286,0.176,0.462,0.118,0.0,.214,9.52,19.05,2.00,--,Indy,--,2018-2023,--,2020
,30,Sebastian Orduno,0,L,Fr,of,5,7,1,0,0,0,0,1,0,0,0,2,0,0,0,0,0,0,7,0,0,0.0,0.0,0.0,0.0,0.0,0.0,.000,0.0,28.57,--,--,College,--,2020-2024,--,2020
,43,Tristan Hanoian,0,L,Jr,if,3,2,0,1,0,0,0,0,0,0,0,0,0,0,0,0,0,1,2,0,1,0.5,0.5,0.5,1.0,0.0,0.0,.500,0.0,0.0,--,--,College,--,2018-2022,--,2020
,40,Parker Schmidt,0,R,Fr,c-ut,7,1,1,0,0,0,0,0,0,0,0,0,0,0,0,0,0,0,1,0,0,0.0,0.0,0.0,0.0,0.0,0.0,.000,0.0,0.0,--,--,College,--,2020-2024,--,2020
,37,Marcus Lydon,21,R,Jr,if,3,1,0,0,0,0,0,0,0,0,0,1,0,0,0,0,0,0,1,0,0,0.0,0.0,0.0,0.0,0.0,0.0,--,0.0,100.0,--,--,College,--,2018-2020,--,2020
,25,Taylor Adams,23,R,Rs-Sr,of,2,1,0,0,0,0,0,0,0,0,1,0,0,0,0,0,0,0,2,0,0,0.0,0.5,0.0,0.5,1.0,0.0,.000,50.0,0.0,0.00,--,College,--,2017-2020,--,2020
,--,Totals,--,--,--,--,184,518,91,143,21,6,9,87,13,4,84,124,28,7,8,0,13,203,645,36,107,0.276,0.4,0.392,0.792,0.295,0.116,.341,13.02,19.22,1.48,57.56,--,--,--,0,2020
,#,player name,age,ba,class,pos,g,ab,r,h,2b,3b,hr,rbi,sb,cs,bb,so,hbp,sh,sf,iw,gdp,tb,pa,xbh,1b,avg,obp,slg,ops,seca,iso,babip,bb%,so%,so/bb,ab/hr,hilvl,mlb years,stat years,draft info,2021
,31,Tanner Smith,21,L,So,of,55,225,49,73,24,4,5,36,4,3,31,32,6,1,2,0,2,120,265,33,40,.324,.417,.533,.950,.351,.209,.358,11.70,12.08,1.03,45.00,Indy,--,2019-2023,--,2021
,4,Josh Kasevich,0,R,Fr,p-if,55,216,32,70,10,2,4,50,7,3,23,24,5,5,3,0,13,96,252,16,54,.324,.397,.444,.841,.245,.120,.346,9.13,9.52,1.04,54.00,AA,--,2020-2024,2022- 2- 60-TOR,2021
,21,Kenyon Yovan,23,R,Rs-Jr,p,51,204,53,63,10,0,17,57,1,1,28,54,10,0,6,0,3,124,248,27,36,.309,.407,.608,1.015,.436,.299,.331,11.29,21.77,1.93,12.00,AAA,--,2017-2024,2019- 27- 811-ANA,2021
,12,Gabe Matthews,23,L,Sr,1b,55,202,48,65,20,2,8,35,0,1,28,39,21,0,3,0,4,113,254,30,35,.322,.449,.559,1.008,.371,.238,.361,11.02,15.35,1.39,25.25,AAA,--,2017-2023,2021- UDFA-ANA,2021
,13,Aaron Zavala,21,L,So,of,55,199,64,78,14,3,9,38,11,2,50,31,6,0,0,0,3,125,255,26,52,.392,.525,.628,1.154,.533,.236,.434,19.61,12.16,0.62,22.11,AA,--,2019-2024,2021- 2- 38-TEX,2021
,35,Anthony Hall,20,L,Fr,1b,50,168,25,48,11,1,6,36,3,1,13,40,2,0,1,0,3,79,184,18,30,.286,.342,.470,.813,.274,.185,.341,7.07,21.74,3.08,28.00,A+,--,2020-2024,2022- 4- 130-NYA,2021
,9,Sam Novitske,0,R,So,if,52,167,24,41,8,0,1,24,10,0,21,30,7,3,3,0,7,52,201,9,32,.246,.348,.311,.660,.251,.066,.288,10.45,14.93,1.43,167.00,College,--,2019-2022,--,2021
,5,Gavin Grant,0,R,So,if,51,148,27,34,7,1,2,16,5,1,22,37,6,5,2,0,3,49,183,10,24,.230,.348,.331,.679,.277,.101,.288,12.02,20.22,1.68,74.00,College,--,2019-2023,--,2021
,2,Jack Scanlon,0,L,Fr,c-p,50,142,13,24,7,0,3,13,1,0,10,43,12,5,3,0,2,40,172,10,14,.169,.275,.282,.557,.190,.113,.212,5.81,25.00,4.30,47.33,College,--,2020-2024,--,2021
,25,Tristan Hanoian,0,L,Jr,if,24,36,5,10,2,0,0,3,0,0,6,10,0,1,1,0,0,12,44,2,8,.278,.372,.333,.705,.222,.056,.370,13.64,22.73,1.67,--,College,--,2018-2022,--,2021
,6,Robby Ashford,0,R,Fr,of,20,35,6,7,1,1,0,2,3,2,5,13,0,0,1,0,0,10,41,2,5,.200,.293,.286,.578,.257,.086,.304,12.20,31.71,2.60,--,College,--,2021-2021,--,2021
,26,Nick Bellafronto,24,R,Sr,if,20,33,5,7,2,0,0,4,0,0,6,9,3,0,1,0,1,9,43,2,5,.212,.372,.273,.645,.242,.061,.280,13.95,20.93,1.50,--,College,--,2018-2021,--,2021
,47,Bryce Boettcher,0,R,Fr,if,38,33,14,5,0,0,0,4,4,1,5,9,3,0,1,0,0,5,42,0,5,.152,.310,.152,.461,.242,.000,.200,11.90,21.43,1.80,--,College,--,2021-2024,2024- 13- 403-HOU,2021
,27,Josiah Cromwick,0,R,Fr,c,10,25,3,7,1,0,0,1,1,0,2,3,1,0,0,0,0,8,28,1,6,.280,.357,.320,.677,.160,.040,.318,7.14,10.71,1.50,--,College,--,2021-2024,--,2021
,17,Sam Olsson,22,R,Jr,c,20,22,4,7,1,0,1,7,0,0,3,6,2,0,1,0,0,11,28,2,5,.318,.429,.500,.929,.318,.182,.375,10.71,21.43,2.00,22.00,Indy,--,2018-2023,--,2021
,11,AJ Miller,0,L,So,of,10,13,0,1,0,0,0,2,0,0,1,9,0,0,1,0,0,1,15,0,1,.077,.133,.077,.210,.077,.000,.200,6.67,60.00,9.00,--,College,--,2019-2023,--,2021
,15,Colby Shade,0,R,Fr,of,28,12,2,3,0,0,0,2,1,0,0,2,0,1,0,0,0,3,13,0,3,.250,.250,.250,.500,.083,.000,.300,0.00,15.38,--,--,A+,--,2021-2024,2023- 9- 263-MIA,2021
,37,Tyler Ganus,0,R,Fr,of-1b,14,7,1,2,0,0,0,3,0,0,1,0,1,0,0,0,0,2,9,0,2,.286,.444,.286,.730,.143,.000,.286,11.11,0.00,0.00,--,College,--,2021-2024,--,2021
,10,Jack Haley,0,R,Fr,if,7,2,3,1,0,0,0,1,0,0,0,0,0,0,0,0,0,1,2,0,1,.500,.500,.500,1.000,.000,.000,.500,0.00,0.00,--,--,College,--,2021-2024,--,2021
,20,Evan Williams,0,R,Jr,of,1,1,0,0,0,0,0,0,0,0,0,0,0,0,0,0,0,0,1,0,0,.000,.000,.000,.000,.000,.000,.000,0.00,0.00,--,--,College,--,2018-2021,--,2021
,66,R.J. Gordon,0,R,Fr,p,15,0,1,0,0,0,0,0,0,0,0,0,0,0,0,0,0,0,0,0,0,--,--,--,--,--,--,--,--,--,--,--,College,--,2021-2024,2024- 13- 383-NYN,2021
,--,Totals,--,--,--,--,681,1890,379,546,118,14,56,334,51,15,255,391,85,21,29,0,41,860,2280,188,358,.289,.392,.455,.847,.320,.166,.333,11.18,17.15,1.53,33.75,--,--,--,0,2021
,#,player name,age,ba,class,pos,g,ab,r,h,2b,3b,hr,rbi,sb,cs,bb,so,hbp,sh,sf,iw,gdp,tb,pa,xbh,1b,avg,obp,slg,ops,seca,iso,babip,bb%,so%,so/bb,ab/hr,hilvl,mlb years,stat years,draft info,2009
,4,Curtis Raulinaitis,20,L,Jr,of-if,56,203,21,59,10,3,0,12,9,7,17,37,4,2,6,0,2,75,232,13,46,.291,.348,.369,.717,.172,.079,.343,7.33,15.95,2.18,--,College,--,2009-2010,--,2009
,38,Caleb Tommasini,23,R,Sr,of,55,201,26,49,2,3,2,14,16,2,15,38,8,0,5,0,2,63,229,7,42,.244,.314,.313,.628,.214,.070,.283,6.55,16.59,2.53,100.50,College,--,2009-2009,--,2009
,6,KC Serna,19,R,Fr,3b-2b,52,180,14,41,5,1,3,19,9,3,14,27,1,4,2,0,7,57,201,9,32,.228,.284,.317,.601,.200,.089,.250,6.97,13.43,1.93,60.00,AAA,--,2009-2017,2011- 42-1268-CLE,2009
,1,Daniel Pulfer,19,R,Fr,2b,55,167,12,40,1,1,0,15,4,3,19,25,7,1,11,0,4,43,205,2,38,.240,.324,.257,.581,.138,.018,.261,9.27,12.20,1.32,--,A-,--,2009-2016,2011- 19- 574-ARI,2009
,17,Mitch Karraker,20,L,So,c,51,153,8,33,7,0,1,18,0,1,12,41,1,1,1,0,2,43,168,8,25,.216,.275,.281,.556,.137,.065,.286,7.14,24.40,3.42,153.00,College,--,2009-2011,--,2009
,3,Josh Hogan,21,R,Jr,if-2b,47,128,11,28,2,0,0,5,3,2,7,23,2,0,4,0,2,30,141,2,26,.219,.262,.234,.497,.078,.016,.257,4.96,16.31,3.29,--,College,--,2009-2009,--,2009
,5,Jett Hart,20,R,Jr,ss,42,111,10,23,4,2,2,10,10,3,4,32,2,0,5,0,2,37,122,8,15,.207,.238,.333,.571,.225,.126,.256,3.28,26.23,8.00,55.50,Indy,--,2009-2011,2006- 44-1321-SDN,2009
,21,Eddie Rodriguez,20,R,--,c,34,99,12,22,7,0,1,8,4,1,11,21,2,1,4,0,7,32,117,8,14,.222,.302,.323,.625,.242,.101,.259,9.40,17.95,1.91,99.00,A-,--,2009-2011,2010- 32- 977-MIA,2009
,42,Antony Kreitz,20,R,--,of,34,89,12,23,8,2,2,10,0,0,6,17,3,0,2,0,0,41,100,12,11,.258,.320,.461,.781,.270,.202,.292,6.00,17.00,2.83,44.50,College,--,2009-2012,--,2009
,7,Andrew Schmidt,22,B,Jr,if-2b,37,85,10,18,0,0,0,6,1,0,8,15,6,0,1,0,2,18,100,0,18,.212,.320,.212,.532,.106,.000,.254,8.00,15.00,1.88,--,College,--,2009-2009,--,2009
,32,Paul Eshleman,18,R,Fr,c,29,77,5,19,2,0,2,9,0,0,1,11,1,2,1,0,0,27,82,4,15,.247,.263,.351,.613,.117,.104,.262,1.22,13.41,11.00,38.50,A+,--,2009-2015,2012- 23- 725-MIL,2009
,35,Colby Sokol,20,L,Fr,cf,27,70,4,7,2,0,1,2,0,0,3,23,0,0,1,0,0,12,74,3,4,.100,.135,.171,.307,.114,.071,.128,4.05,31.08,7.67,70.00,College,--,2009-2009,2008- 44-1326-MIN,2009
,14,Darrell Hunter,18,R,Fr,if-p,35,63,3,11,3,0,1,3,0,0,5,18,3,0,0,0,0,17,71,4,7,.175,.268,.270,.537,.175,.095,.227,7.04,25.35,3.60,63.00,A-,--,2009-2014,2014- UDFA-TEX,2009
,24,Kenny Bartz,20,L,So,of,20,35,3,9,1,3,0,3,2,0,3,8,2,0,0,0,0,16,40,4,5,.257,.350,.457,.807,.343,.200,.333,7.50,20.00,2.67,--,College,--,2009-2009,--,2009
,19,Dylan Gavin,19,R,Fr,if,21,34,4,4,0,0,0,2,1,0,2,11,2,0,1,0,1,4,39,0,4,.118,.205,.118,.323,.088,.000,.167,5.13,28.21,5.50,--,College,--,2009-2011,--,2009
,33,John Adamson,19,L,Fr,if-3b,21,26,1,5,1,1,1,6,0,0,5,12,1,0,3,0,0,11,35,3,2,.192,.314,.423,.737,.423,.231,.250,14.29,34.29,2.40,26.00,College,--,2009-2009,--,2009
,37,Sean Potkay,19,R,Fr,if,11,24,1,6,1,0,0,2,0,0,1,8,0,0,2,0,0,7,27,1,5,.250,.259,.292,.551,.083,.042,.333,3.70,29.63,8.00,--,College,--,2009-2013,--,2009
,10,Scott McGough,19,R,Fr,p,7,18,1,3,0,0,0,0,1,0,1,4,0,0,0,0,2,3,19,0,3,.167,.211,.167,.377,.111,.000,.214,5.26,21.05,4.00,--,MLB,2015-2024,2009-2024,2011- 5- 164-LAN,2009
,28,Joey Blakely,20,L,Jr,if-1b,1,1,0,0,0,0,0,0,0,0,0,1,0,0,0,0,0,0,1,0,0,.000,.000,.000,.000,.000,.000,--,0.00,100.00,--,--,College,--,2009-2009,--,2009
,18,Taylor Ausbun,19,R,Rs,c,0,0,0,0,0,0,0,0,0,0,0,0,0,0,0,0,0,0,0,0,0,--,--,--,--,--,--,--,--,--,--,--,College,--,2009-2012,--,2009
,--,Totals,--,--,--,--,635,1764,158,400,56,16,16,144,60,22,134,372,45,11,49,0,33,536,2003,88,312,.227,.291,.304,.595,.175,.077,.269,6.69,18.57,2.78,110.25,--,--,--,0,2009
,#,player name,age,ba,class,pos,g,ab,r,h,2b,3b,hr,rbi,sb,cs,bb,so,hbp,sh,sf,iw,gdp,tb,pa,xbh,1b,avg,obp,slg,ops,seca,iso,babip,bb%,so%,so/bb,ab/hr,hilvl,mlb years,stat years,draft info,2023
,56,Rikuu Nishida,22,L,Jr,lf-cf,63,253,67,79,16,1,5,37,25,8,27,26,8,8,1,0,5,112,297,22,57,.312,.394,.443,.837,.304,.130,.332,9.09,8.75,0.96,50.60,A+,--,2023-2024,2023- 11- 329-CHA,2023
,15,Drew Cowley,24,L,Sr,if,63,249,64,85,22,1,16,70,6,0,29,50,8,1,1,0,5,157,288,39,46,.341,.425,.631,1.056,.430,.289,.375,10.07,17.36,1.72,15.56,College,--,2018-2023,--,2023
,31,Tanner Smith,23,L,Sr,of,63,245,50,80,20,1,11,45,7,2,24,42,3,2,2,0,5,135,276,32,48,.327,.391,.551,.942,.343,.224,.356,8.70,15.22,1.75,22.27,Indy,--,2019-2023,--,2023
,25,Jacob Walsh,20,L,So,1b,62,232,36,56,12,0,16,37,0,1,20,75,1,0,2,0,4,116,255,28,28,.241,.302,.500,.802,.341,.259,.280,7.84,29.41,3.75,14.50,College,--,2022-2024,--,2023
,26,Colby Shade,21,R,Jr,of,60,214,55,72,16,3,6,31,14,6,20,49,14,3,3,0,1,112,254,25,47,.336,.422,.523,.946,.318,.187,.407,7.87,19.29,2.45,35.67,A+,--,2021-2024,2023- 9- 263-MIA,2023
,21,Sabin Ceballos,20,R,Jr,3b,59,213,48,71,10,1,18,70,0,1,34,36,4,0,5,0,7,137,256,29,42,.333,.426,.643,1.069,.465,.310,.323,13.28,14.06,1.06,11.83,A+,--,2022-2024,2023- 3- 94-ATL,2023
,5,Gavin Grant,23,R,Sr,if,63,207,39,57,13,1,8,29,9,1,27,68,7,4,1,0,0,96,246,22,35,.275,.376,.464,.840,.357,.188,.371,10.98,27.64,2.52,25.88,College,--,2019-2023,--,2023
,16,Bennett Thompson,20,R,So,c,33,106,21,36,15,1,4,22,2,3,9,15,4,1,3,0,5,65,123,20,16,.340,.402,.613,1.015,.349,.274,.356,7.32,12.20,1.67,26.50,College,--,2022-2024,2024- 13- 385-CLE,2023
,27,Josiah Cromwick,21,R,Jr,c,40,105,16,26,7,0,7,23,3,0,6,38,4,1,1,0,0,54,117,14,12,.248,.310,.514,.825,.352,.267,.311,5.13,32.48,6.33,15.00,College,--,2021-2024,--,2023
,17,Drew Smith,20,R,Fr,if,28,96,14,35,5,2,3,18,6,2,8,20,3,0,0,0,0,53,107,10,25,.365,.430,.552,.982,.313,.188,.438,7.48,18.69,2.50,32.00,College,--,2023-2024,--,2023
,10,Owen Diodati,21,L,Jr,of,25,55,3,8,3,0,1,5,0,0,5,20,1,0,1,0,0,14,62,4,4,.145,.226,.255,.480,.200,.109,.200,8.06,32.26,4.00,55.00,College,--,2020-2023,2019- 29- 867-TOR,2023
,28,Bryce Boettcher,0,R,Jr,if,51,50,12,10,2,0,2,6,7,1,7,16,8,3,0,0,0,18,68,4,6,.200,.385,.360,.745,.420,.160,.250,10.29,23.53,2.29,25.00,College,--,2021-2024,2024- 13- 403-HOU,2023
,77,Anson Aroz,20,B,Rs-Fr,c,17,34,3,9,1,0,1,7,1,0,2,7,1,0,0,0,1,13,37,2,7,.265,.324,.382,.707,.206,.118,.308,5.41,18.92,3.50,34.00,College,--,2022-2024,--,2023
,45,Dominic Hellman,19,R,Fr,if,13,32,8,8,1,0,1,5,0,0,4,8,0,0,0,0,1,12,36,2,6,.250,.333,.375,.708,.250,.125,.304,11.11,22.22,2.00,32.00,College,--,2023-2024,--,2023
,3,Carter Garate,0,L,Fr,if,19,30,5,8,1,0,2,8,0,3,1,13,2,0,0,0,0,15,33,3,5,.267,.333,.500,.833,.167,.233,.400,3.03,39.39,13.00,15.00,College,--,2023-2024,--,2023
,22,Jackson Jaha,20,R,Fr,3b,9,14,3,4,1,0,0,0,0,0,1,2,0,0,0,0,0,5,15,1,3,.286,.333,.357,.690,.143,.071,.333,6.67,13.33,2.00,--,College,--,2023-2023,2022- 15- 449-NYN,2023
,38,Towns King,0,R,Sr,if,13,12,1,0,0,0,0,0,0,0,1,6,0,0,0,0,0,0,13,0,0,.000,.077,.000,.077,.083,.000,.000,7.69,46.15,6.00,--,College,--,2019-2023,--,2023
,37,Tyler Ganus,21,R,Jr,of-1b,22,9,5,2,0,0,0,0,0,1,1,3,1,0,0,0,1,2,11,0,2,.222,.364,.222,.586,.000,.000,.333,9.09,27.27,3.00,--,College,--,2021-2024,--,2023
,19,Chase Meggers,0,L,Rs-Fr,c,4,5,0,0,0,0,0,0,0,0,0,3,0,0,0,0,0,0,5,0,0,.000,.000,.000,.000,.000,.000,.000,0.00,60.00,--,--,College,--,2023-2024,--,2023
,13,Mason Lytle,0,R,Jr,of,6,5,1,0,0,0,0,0,0,0,1,3,0,0,0,0,0,0,6,0,0,.000,.167,.000,.167,.200,.000,.000,16.67,50.00,3.00,--,College,--,2020-2024,--,2023
,7,Tafton Hensley,22,R,Jr,of,2,1,0,0,0,0,0,0,0,0,0,1,0,0,0,0,0,0,1,0,0,.000,.000,.000,.000,.000,.000,--,0.00,100.00,--,--,College,--,2023-2024,--,2023
,--,Totals,--,--,--,--,715,2167,451,646,145,11,101,413,80,29,227,501,69,23,20,0,35,1116,2506,257,389,.298,.379,.515,.894,.345,.217,.344,9.06,19.99,2.21,21.46,--,--,--,0,2023
,#,player name,age,ba,class,pos,g,ab,r,h,2b,3b,hr,rbi,sb,cs,bb,so,hbp,sh,sf,iw,gdp,tb,pa,xbh,1b,avg,obp,slg,ops,seca,iso,babip,bb%,so%,so/bb,ab/hr,hilvl,mlb years,stat years,draft info,2022
,31,Tanner Smith,22,L,Jr,of,61,268,58,85,13,0,11,38,12,2,18,37,5,4,1,0,2,131,296,24,61,.317,.370,.489,.859,.276,.172,.335,6.08,12.50,2.06,24.36,Indy,--,2019-2023,--,2022
,3,Brennan Milone,21,R,So,ss,60,246,46,83,15,0,12,55,2,0,25,36,5,0,3,0,4,134,279,27,56,.337,.405,.545,.950,.317,.207,.353,8.96,12.90,1.44,20.50,AA,--,2020-2024,2022- 6- 184-OAK,2022
,4,Josh Kasevich,21,R,So,ss,61,245,53,76,10,1,7,44,6,0,24,16,6,0,2,0,4,109,277,18,58,.310,.383,.445,.828,.257,.135,.308,8.66,5.78,0.67,35.00,AA,--,2020-2024,2022- 2- 60-TOR,2022
,25,Jacob Walsh,19,L,Fr,1b,58,227,35,67,18,0,6,38,5,1,23,64,1,0,0,0,6,103,251,24,43,.295,.363,.454,.816,.278,.159,.389,9.16,25.50,2.78,37.83,College,--,2022-2024,--,2022
,26,Colby Shade,0,R,So,of,60,226,46,69,13,1,5,45,16,3,26,41,11,6,2,0,0,99,271,19,50,.305,.400,.438,.838,.305,.133,.352,9.59,15.13,1.58,45.20,A+,--,2021-2024,2023- 9- 263-MIA,2022
,35,Anthony Hall,21,L,So,1b,60,225,53,75,17,5,14,56,4,2,24,43,5,0,5,0,2,144,259,36,39,.333,.402,.640,1.042,.422,.307,.353,9.27,16.60,1.79,16.07,A+,--,2020-2024,2022- 4- 130-NYA,2022
,5,Gavin Grant,0,R,Jr,if,58,181,38,52,7,1,6,31,9,1,35,39,5,4,1,0,3,79,226,14,38,.287,.414,.436,.851,.387,.149,.336,15.49,17.26,1.11,30.17,College,--,2019-2023,--,2022
,15,Drew Cowley,0,L,Jr,if,40,151,38,64,16,2,3,29,2,2,21,30,4,0,0,0,2,93,176,21,43,.424,.506,.616,1.122,.331,.192,.517,11.93,17.05,1.43,50.33,College,--,2018-2023,--,2022
,27,Josiah Cromwick,0,R,So,c,43,128,17,34,8,0,4,23,2,2,9,35,6,0,0,0,3,54,143,12,22,.266,.343,.422,.765,.227,.156,.337,6.29,24.48,3.89,32.00,College,--,2021-2024,--,2022
,9,Sam Novitske,0,R,Jr,if,44,118,26,34,3,1,2,26,5,3,20,19,1,5,3,0,3,45,147,6,28,.288,.387,.381,.769,.280,.093,.320,13.61,12.93,0.95,59.00,College,--,2019-2022,--,2022
,2,Jack Scanlon,0,L,So,c-p,39,61,10,8,1,0,3,13,0,0,2,16,7,1,1,0,1,18,72,4,4,.131,.239,.295,.535,.197,.164,.116,2.78,22.22,8.00,20.33,College,--,2020-2024,--,2022
,16,Bennett Thompson,19,R,Fr,c,18,32,8,12,1,0,1,6,1,0,5,4,0,0,0,0,1,16,37,2,10,.375,.459,.500,.959,.313,.125,.407,13.51,10.81,0.80,32.00,College,--,2022-2024,2024- 13- 385-CLE,2022
,28,Bryce Boettcher,0,R,So,if,43,22,11,4,0,1,0,3,1,2,4,2,1,0,0,0,0,6,27,1,3,.182,.333,.273,.606,.227,.091,.200,14.81,7.41,0.50,--,College,--,2021-2024,2024- 13- 403-HOU,2022
,37,Tyler Ganus,20,R,So,of-1b,33,18,9,5,0,0,1,6,1,0,3,2,1,1,0,0,0,8,23,1,4,.278,.409,.444,.854,.389,.167,.267,13.04,8.70,0.67,18.00,College,--,2021-2024,--,2022
,39,Will Riley,0,L,Sr,ut,13,6,2,0,0,0,0,1,0,0,3,1,0,0,0,0,0,0,9,0,0,.000,.333,.000,.333,.500,.000,.000,33.33,11.11,0.33,--,Indy,--,2022-2023,--,2022
,11,Taylor Holder,0,R,Rs-Fr,of,6,5,2,2,0,0,0,2,0,0,1,2,0,0,0,0,0,2,6,0,2,.400,.500,.400,.900,.200,.000,.667,16.67,33.33,2.00,--,College,--,2022-2024,--,2022
,77,Anson Aroz,0,B,Fr,c,1,1,0,0,0,0,0,0,0,0,0,1,0,0,0,0,0,0,1,0,0,.000,.000,.000,.000,.000,.000,--,0.00,100.00,--,--,College,--,2022-2024,--,2022
,--,Totals,--,--,--,--,698,2160,452,670,122,12,75,416,66,18,243,388,58,21,18,0,31,1041,2500,209,461,.310,.392,.482,.874,.306,.172,.347,9.72,15.52,1.60,28.80,--,--,--,0,2022
,#,player name,age,ba,class,pos,g,ab,r,h,2b,3b,hr,rbi,sb,cs,bb,so,hbp,sh,sf,iw,gdp,tb,pa,xbh,1b,avg,obp,slg,ops,seca,iso,babip,bb%,so%,so/bb,ab/hr,hilvl,mlb years,stat years,draft info,2019
,9,Sam Novitske,0,R,Fr,if,56,233,48,70,8,1,0,21,8,6,34,51,6,4,1,0,0,80,278,9,61,.300,.401,.343,.745,.197,.043,.383,12.23,18.35,1.50,--,College,--,2019-2022,--,2019
,5,Jonny DeLuca,20,R,So,cf,56,226,36,54,11,3,5,40,13,3,23,51,5,1,3,0,3,86,258,19,35,.239,.319,.381,.700,.288,.142,.283,8.91,19.77,2.22,45.20,MLB,2023-2024,2018-2024,2019- 25- 761-LAN,2019
,7,Spencer Steer,21,R,Jr,3b,56,215,40,75,13,1,6,57,6,2,30,33,14,0,2,0,1,108,261,20,55,.349,.456,.502,.958,.312,.153,.388,11.49,12.64,1.10,35.83,MLB,2022-2024,2017-2024,2019- 3- 90-MIN,2019
,12,Gabe Matthews,21,L,Jr,1b,56,207,30,60,13,0,6,34,2,1,35,48,6,1,2,0,2,91,251,19,41,.290,.404,.440,.844,.324,.150,.348,13.94,19.12,1.37,34.50,AAA,--,2017-2023,2021- UDFA-ANA,2019
,31,Tanner Smith,19,L,Fr,of,54,194,35,55,9,3,4,35,6,1,27,42,2,8,3,0,4,82,234,16,39,.284,.372,.423,.794,.304,.139,.338,11.54,17.95,1.56,48.50,Indy,--,2019-2023,--,2019
,13,Aaron Zavala,19,L,Fr,of,43,139,22,38,9,0,0,17,2,3,17,34,2,0,2,0,5,47,160,9,29,.273,.356,.338,.694,.180,.065,.355,10.63,21.25,2.00,--,AA,--,2019-2024,2021- 2- 38-TEX,2019
,4,Cameron Campbell,0,R,Rs-Jr,c,51,127,32,25,2,0,2,12,3,2,31,46,13,7,1,0,1,33,179,4,21,.197,.401,.260,.661,.315,.063,.288,17.32,25.70,1.48,63.50,College,--,2016-2019,--,2019
,23,Jakob Goldfarb,23,L,Rs-Sr,c,36,124,20,38,10,0,2,20,3,3,18,31,5,1,0,0,1,54,148,12,26,.306,.415,.435,.850,.274,.129,.396,12.16,20.95,1.72,62.00,A,--,2015-2023,2019- 24- 710-CHA,2019
,18,Max Foxcroft,0,L,Fr,if,48,116,16,18,2,0,0,16,6,3,24,26,5,15,4,0,0,20,164,2,16,.155,.315,.172,.488,.250,.017,.191,14.63,15.85,1.08,--,College,--,2019-2022,--,2019
,20,Evan Williams,0,R,So,of,46,107,15,24,6,0,2,13,0,0,18,17,1,0,2,0,1,36,128,8,16,.224,.336,.336,.672,.280,.112,.244,14.06,13.28,0.94,53.50,College,--,2018-2021,--,2019
,25,Taylor Adams,22,R,Rs-Jr,of,42,92,15,20,1,1,3,16,4,1,14,38,4,4,0,0,1,32,114,5,15,.217,.345,.348,.693,.315,.130,.333,12.28,33.33,2.71,30.67,College,--,2017-2020,--,2019
,2,Kyle Froemke,20,R,Fr,if,35,50,5,8,1,0,0,8,0,1,6,22,1,0,0,0,1,9,57,1,7,.160,.263,.180,.443,.120,.020,.286,10.53,38.60,3.67,--,A,--,2019-2022,--,2019
,1,Vinny Tosti,0,R,Fr,of,23,31,1,6,0,0,0,4,1,2,1,12,1,0,0,0,0,6,33,0,6,.194,.242,.194,.436,.000,.000,.316,3.03,36.36,12.00,--,College,--,2019-2021,--,2019
,11,AJ Miller,0,L,Fr,of,17,20,5,2,0,0,0,1,0,0,5,9,0,0,0,0,0,2,25,0,2,.100,.280,.100,.380,.250,.000,.182,20.00,36.00,1.80,--,College,--,2019-2023,--,2019
,6,James Bell,0,R,Fr,c-of,11,13,0,1,0,0,0,0,0,0,0,6,1,0,0,0,0,1,14,0,1,.077,.143,.077,.220,.000,.000,.143,0.00,42.86,--,--,College,--,2019-2023,--,2019
,42,Marco Young,0,--,Jr,of,3,1,1,0,0,0,0,0,0,0,0,0,0,0,0,0,0,0,1,0,0,.000,.000,.000,.000,.000,.000,.000,0.00,0.00,--,--,College,--,2017-2019,--,2019
,30,Heath Pickhardt,0,R,Fr,c,3,1,0,0,0,0,0,0,0,0,0,1,0,0,0,0,0,0,1,0,0,.000,.000,.000,.000,.000,.000,--,0.00,100.00,--,--,College,--,2019-2023,--,2019
,33,Cullen Kafka,20,R,So,p,1,0,0,0,0,0,0,0,0,0,0,0,0,0,0,0,0,0,0,0,0,--,--,--,--,--,--,--,--,--,--,--,A+,--,2018-2023,2021- 9- 260-COL,2019
,--,Totals,--,--,--,--,637,1896,321,494,85,9,30,294,54,28,283,467,66,41,20,0,20,687,2306,124,370,.261,.372,.362,.735,.265,.102,.327,12.27,20.25,1.65,63.20,--,--,--,0,2019
,#,player name,age,ba,class,pos,g,ab,r,h,2b,3b,hr,rbi,sb,cs,bb,so,hbp,sh,sf,iw,gdp,tb,pa,xbh,1b,avg,obp,slg,ops,seca,iso,babip,bb%,so%,so/bb,ab/hr,hilvl,mlb years,stat years,draft info,2018
,1,Kyle Kasser,22,L,Sr,ss,55,216,33,60,7,1,0,12,10,3,26,19,10,2,0,0,6,69,254,8,52,.278,.381,.319,.700,.194,.042,.305,10.24,7.48,0.73,--,AAA,--,2015-2023,2018- 30- 902-KCA,2018
,5,Jonny DeLuca,19,R,Fr,cf,55,203,24,43,5,0,6,32,6,4,18,28,1,7,8,0,0,66,237,11,32,.212,.270,.325,.595,.212,.113,.209,7.59,11.81,1.56,33.83,MLB,2023-2024,2018-2024,2019- 25- 761-LAN,2018
,12,Gabe Matthews,20,L,So,1b,55,196,23,52,13,1,4,27,3,2,28,65,10,0,2,0,4,79,236,18,34,.265,.381,.403,.784,.286,.138,.372,11.86,27.54,2.32,49.00,AAA,--,2017-2023,2021- UDFA-ANA,2018
,23,Jakob Goldfarb,22,L,Rs-Jr,c,53,195,35,60,13,2,6,29,14,4,24,45,7,2,3,0,0,95,231,21,39,.308,.397,.487,.885,.354,.179,.367,10.39,19.48,1.88,32.50,A,--,2015-2023,2019- 24- 710-CHA,2018
,7,Spencer Steer,20,R,So,3b,53,189,30,52,11,1,4,37,4,3,24,31,12,2,6,0,2,77,233,16,36,.275,.381,.407,.788,.265,.132,.300,10.30,13.30,1.29,47.25,MLB,2022-2024,2017-2024,2019- 3- 90-MIN,2018
,9,Ray Soderman,21,R,Jr,c,49,160,12,36,6,0,1,17,1,1,4,45,4,1,1,0,4,45,170,7,29,.225,.260,.281,.542,.081,.056,.304,2.35,26.47,11.25,160.00,Rk,--,2017-2019,2018- 22- 652-ATL,2018
,29,Ryne Nelson,20,R,So,p,50,152,19,26,5,0,0,7,4,5,20,50,8,5,0,0,1,31,185,5,21,.171,.300,.204,.504,.158,.033,.255,10.81,27.03,2.50,--,MLB,2022-2024,2017-2024,2019- 2- 56-ARI,2018
,46,Taylor Travess,22,L,Sr,if,51,117,14,27,4,1,0,11,6,0,19,30,0,4,3,0,0,33,143,5,22,.231,.331,.282,.613,.265,.051,.300,13.29,20.98,1.58,--,College,--,2017-2018,--,2018
,21,Kenyon Yovan,20,R,So,p,38,116,13,27,6,0,3,12,0,1,13,36,3,0,2,0,2,42,134,9,18,.233,.321,.362,.683,.233,.129,.304,9.70,26.87,2.77,38.67,AAA,--,2017-2024,2019- 27- 811-ANA,2018
,6,Daniel Patzlaff,0,B,Sr,if,44,97,12,19,4,0,1,13,1,0,17,28,5,0,1,0,0,26,120,5,14,.196,.342,.268,.610,.258,.072,.261,14.17,23.33,1.65,97.00,College,--,2015-2018,--,2018
,24,Evan Williams,0,R,Fr,of,31,68,8,9,3,0,0,7,2,1,11,23,1,1,1,0,2,12,82,3,6,.132,.259,.176,.436,.221,.044,.196,13.41,28.05,2.09,--,College,--,2018-2021,--,2018
,34,Jason Drees,0,L,So,of,27,37,2,9,1,0,0,4,0,0,5,13,1,0,0,0,0,10,43,1,8,.243,.349,.270,.619,.162,.027,.375,11.63,30.23,2.60,--,College,--,2017-2018,--,2018
,2,Braden Stutzman,0,B,Rs-So,c-if,24,22,7,4,1,0,0,4,0,0,6,6,0,3,0,0,1,5,31,1,3,.182,.357,.227,.584,.318,.045,.250,19.35,19.35,1.00,--,College,--,2017-2020,--,2018
,26,Trevor Windisch,0,R,Fr,if,8,7,1,1,0,0,0,1,0,0,0,4,0,0,0,0,0,1,7,0,1,.143,.143,.143,.286,.000,.000,.333,0.00,57.14,--,--,College,--,2018-2019,--,2018
,41,Alex Andranovich,0,R,Fr,of,14,6,3,1,0,0,0,2,0,0,1,2,0,0,1,0,0,1,8,0,1,.167,.250,.167,.417,.167,.000,.200,12.50,25.00,2.00,--,College,--,2018-2019,--,2018
,11,Matt Mercer,21,R,Jr,p,1,0,0,0,0,0,0,0,0,0,0,0,0,0,0,0,0,0,0,0,0,--,--,--,--,--,--,--,--,--,--,--,A+,--,2016-2022,2018- 5- 159-ARI,2018
,--,Totals,--,--,--,--,608,1781,236,426,79,6,25,215,51,24,216,425,62,27,28,0,22,592,2114,110,316,.239,.337,.332,.670,.230,.093,.295,10.22,20.10,1.97,71.24,--,--,--,0,2018
,#,player name,age,ba,class,pos,g,ab,r,h,2b,3b,hr,rbi,sb,cs,bb,so,hbp,sh,sf,iw,gdp,tb,pa,xbh,1b,avg,obp,slg,ops,seca,iso,babip,bb%,so%,so/bb,ab/hr,hilvl,mlb years,stat years,draft info,2024
,25,Jacob Walsh,21,L,Jr,1b,60,228,38,58,13,0,18,56,1,0,31,70,4,0,4,0,7,125,267,31,27,.254,.348,.548,.897,.434,.294,.278,11.61,26.22,2.26,12.67,College,--,2022-2024,--,2024
,17,Drew Smith,21,R,So,if,56,204,38,64,16,0,4,29,5,2,29,61,10,1,1,0,7,92,245,20,44,.314,.422,.451,.873,.294,.137,.429,11.84,24.90,2.10,51.00,College,--,2023-2024,--,2024
,3,Carter Garate,20,L,So,if,60,194,41,56,13,0,3,27,2,3,21,58,12,8,1,0,3,78,236,16,40,.289,.390,.402,.792,.216,.113,.396,8.90,24.58,2.76,64.67,College,--,2023-2024,--,2024
,28,Bryce Boettcher,21,R,Sr,if,56,192,46,53,7,0,12,35,15,2,20,42,11,7,3,0,1,96,233,19,34,.276,.372,.500,.872,.396,.224,.291,8.58,18.03,2.10,16.00,College,--,2021-2024,2024- 13- 403-HOU,2024
,35,Jeffery Heard,21,L,Jr,of,51,177,34,53,16,1,4,30,1,1,23,38,4,1,3,0,3,83,208,21,32,.299,.386,.469,.855,.299,.169,.355,11.06,18.27,1.65,44.25,College,--,2022-2024,--,2024
,16,Bennett Thompson,21,R,Jr,c,50,168,35,48,8,3,3,24,8,2,22,28,9,0,3,0,5,71,202,14,34,.286,.391,.423,.814,.304,.137,.321,10.89,13.86,1.27,56.00,College,--,2022-2024,2024- 13- 385-CLE,2024
,27,Chase Meggers,21,L,So,c,46,152,32,48,8,1,5,33,2,3,12,26,10,3,3,0,0,73,180,14,34,.316,.395,.480,.876,.237,.164,.347,6.67,14.44,2.17,30.40,College,--,2023-2024,--,2024
,26,Mason Neville,20,L,So,of,56,149,36,40,5,3,16,43,8,4,25,60,1,0,4,0,4,99,179,24,16,.268,.369,.664,1.033,.591,.396,.312,13.97,33.52,2.40,9.31,College,--,2023-2024,2022- 18- 543-CIN,2024
,77,Anson Aroz,21,B,Rs-So,c,45,146,27,41,9,0,6,25,2,1,15,35,5,2,1,0,2,68,169,15,26,.281,.365,.466,.831,.295,.185,.330,8.88,20.71,2.33,24.33,College,--,2022-2024,--,2024
,9,Maddox Molony,0,R,Fr,if,43,143,32,45,4,1,10,31,2,1,13,28,8,1,0,0,3,81,165,15,30,.315,.402,.566,.969,.350,.252,.333,7.88,16.97,2.15,14.30,College,--,2024-2024,--,2024
,31,Justin Cassella,22,R,Sr,if-of,45,124,29,31,5,0,7,28,12,2,25,34,7,1,2,0,3,57,159,12,19,.250,.399,.460,.858,.492,.210,.282,15.72,21.38,1.36,17.71,College,--,2021-2024,--,2024
,12,Ryan Cooney,19,R,Fr,if,47,79,16,16,1,1,6,12,0,0,11,22,3,2,0,0,3,37,95,8,8,.203,.323,.468,.791,.405,.266,.196,11.58,23.16,2.00,13.17,College,--,2024-2024,--,2024
,45,Dominic Hellman,20,R,So,if,24,59,6,16,2,0,4,9,0,1,3,26,1,0,0,0,0,30,63,6,10,.271,.317,.508,.826,.271,.237,.414,4.76,41.27,8.67,14.75,College,--,2023-2024,--,2024
,6,Jack Brooks,20,L,Rs-Fr,2b,29,17,10,5,0,0,0,1,3,1,3,2,1,1,0,0,1,5,22,0,5,.294,.429,.294,.723,.294,.000,.333,13.64,9.09,0.67,--,College,--,2024-2024,--,2024
,34,Luke Honikel,0,L,Jr,of,11,10,0,1,0,0,0,0,0,0,1,1,1,1,0,0,0,1,13,0,1,.100,.250,.100,.350,.100,.000,.111,7.69,7.69,1.00,--,College,--,2022-2024,--,2024
,--,Totals,--,--,--,--,679,2042,420,575,107,10,98,383,61,23,254,531,87,28,25,0,42,996,2436,215,360,.282,.380,.488,.868,.349,.206,.332,10.43,21.80,2.09,20.84,--,--,--,0,2024
,#,player name,age,ba,class,pos,g,ab,r,h,2b,3b,hr,rbi,sb,cs,bb,so,hbp,sh,sf,iw,gdp,tb,pa,xbh,1b,avg,obp,slg,ops,seca,iso,babip,bb%,so%,so/bb,ab/hr,hilvl,mlb years,stat years,draft info,2015
,37,Mitchell Tolman,21,L,Jr,if,62,231,43,75,20,2,3,42,11,6,44,40,13,2,1,0,7,108,291,25,50,.325,.457,.468,.924,.355,.143,.381,15.12,13.75,0.91,77.00,AAA,--,2013-2023,2015- 7- 217-PIT,2015
,42,Phil Craig-St. Louis,0,L,Jr,of,62,216,33,64,8,2,2,38,4,2,30,33,4,12,4,0,2,82,266,12,52,.296,.386,.380,.765,.231,.083,.335,11.28,12.41,1.10,108.00,Indy,--,2015-2018,--,2015
,32,Brandon Cuddy,21,L,Jr,1b,58,200,32,49,8,4,4,35,2,0,23,47,7,4,3,0,1,77,237,16,33,.245,.339,.385,.724,.265,.140,.296,9.70,19.83,2.04,50.00,Indy,--,2013-2017,--,2015
,28,Matt Eureste,21,L,Jr,ss,54,179,24,44,10,1,1,24,7,6,18,34,4,5,1,0,4,59,207,12,32,.246,.327,.330,.656,.190,.084,.297,8.70,16.43,1.89,179.00,A+,--,2012-2019,2011- 40-1208-CLE,2015
,24,Mark Karaviotis,19,R,So,ss,59,174,27,47,9,3,1,18,5,4,28,43,13,12,1,0,3,65,228,13,34,.270,.407,.374,.781,.270,.103,.351,12.28,18.86,1.54,174.00,AA,--,2014-2023,2016- 19- 569-ARI,2015
,27,Jakob Goldfarb,19,L,Fr,c,54,171,25,45,6,2,2,17,1,0,24,48,7,4,4,0,2,61,210,10,35,.263,.369,.357,.726,.240,.094,.344,11.43,22.86,2.00,85.50,A,--,2015-2023,2019- 24- 710-CHA,2015
,9,Scott Heineman,22,R,Rs-Jr,of,50,169,28,49,12,0,4,23,16,6,21,30,5,6,3,0,3,73,204,16,33,.290,.379,.432,.811,.325,.142,.326,10.29,14.71,1.43,42.25,MLB,2019-2021,2012-2022,2015- 11- 318-TEX,2015
,22,Austin Grebeck,20,R,So,of,53,140,29,34,10,3,1,25,8,4,25,31,3,15,2,0,4,53,185,14,20,.243,.365,.379,.743,.343,.136,.300,13.51,16.76,1.24,140.00,AAA,--,2014-2017,2016- 21- 627-SEA,2015
,6,Tim Susnara,19,L,Fr,c,43,121,14,27,4,0,0,16,0,1,10,27,3,1,4,0,2,31,139,4,23,.223,.290,.256,.546,.107,.033,.276,7.19,19.42,2.70,--,AAA,--,2015-2023,2017- 8- 232-ARI,2015
,16,Shaun Chase,0,R,Sr,c,45,118,18,23,6,1,6,19,0,0,21,49,5,3,1,0,1,49,148,13,10,.195,.338,.415,.753,.398,.220,.266,14.19,33.11,2.33,19.67,College,--,2012-2015,--,2015
,7,Nick Catalano,0,R,Jr,of,47,115,17,25,4,1,2,13,3,0,10,25,6,9,0,0,0,37,140,7,18,.217,.313,.322,.635,.217,.104,.261,7.14,17.86,2.50,57.50,College,--,2013-2016,--,2015
,26,Daniel Patzlaff,0,B,Fr,if,46,106,14,20,1,0,0,10,4,7,19,23,1,7,0,0,3,21,133,1,19,.189,.317,.198,.516,.160,.009,.241,14.29,17.29,1.21,--,College,--,2015-2018,--,2015
,18,Josh Graham,21,R,Jr,c,19,59,8,13,4,0,2,12,0,1,7,20,1,0,0,0,0,23,67,6,7,.220,.313,.390,.703,.271,.169,.297,10.45,29.85,2.86,29.50,AA,--,2013-2022,2015- 4- 120-ATL,2015
,20,J.B. Bryant,0,B,Rs-Sr,of,45,36,13,6,0,0,0,5,1,1,7,7,1,0,0,0,2,6,44,0,6,.167,.318,.167,.485,.194,.000,.207,15.91,15.91,1.00,--,College,--,2013-2015,--,2015
,1,Kyle Kasser,19,L,Fr,ss,26,24,7,5,1,0,0,7,0,0,5,2,1,0,1,0,0,6,31,1,4,.208,.355,.250,.605,.250,.042,.217,16.13,6.45,0.40,--,AAA,--,2015-2023,2018- 30- 902-KCA,2015
,29,Steven Packard,23,L,Sr,of,6,17,2,1,1,0,0,3,0,0,2,4,2,1,0,0,0,2,22,1,0,.059,.238,.118,.356,.176,.059,.077,9.09,18.18,2.00,--,College,--,2010-2016,--,2015
,34,Spencer Smith,0,R,Rs-Jr,of,21,8,4,1,1,0,0,1,4,0,0,2,0,0,1,0,0,2,9,1,0,.125,.111,.250,.361,.625,.125,.143,0.00,22.22,--,--,College,--,2014-2015,--,2015
,--,Totals,--,--,--,--,750,2084,338,528,105,19,28,308,66,38,294,465,76,81,26,0,34,755,2561,152,376,.253,.362,.362,.724,.263,.109,.309,11.48,18.16,1.58,74.43,--,--,--,0,2015
,#,player name,age,ba,class,pos,g,ab,r,h,2b,3b,hr,rbi,sb,cs,bb,so,hbp,sh,sf,iw,gdp,tb,pa,xbh,1b,avg,obp,slg,ops,seca,iso,babip,bb%,so%,so/bb,ab/hr,hilvl,mlb years,stat years,draft info,2014
,13,Tyler Baumgartner,0,L,--,of,64,255,50,73,16,7,3,42,7,5,23,49,10,4,1,0,7,112,293,26,47,.286,.367,.439,.806,.251,.153,.343,7.85,16.72,2.13,85.00,College,--,2013-2014,--,2014
,20,Aaron Payne,22,L,,if,64,231,50,59,8,4,2,17,17,7,23,61,31,11,0,0,2,81,296,14,45,.255,.396,.351,.747,.238,.095,.339,7.77,20.61,2.65,115.50,Indy,--,2011-2015,--,2014
,4,Kyle Garlick,22,R,,of,63,231,30,58,14,4,5,42,5,2,21,51,2,8,3,0,7,95,265,23,35,.251,.315,.411,.726,.264,.160,.298,7.92,19.25,2.43,46.20,MLB,2019-2023,2011-2024,2015- 28- 852-LAN,2014
,37,Mitchell Tolman,20,L,--,if,64,219,45,69,18,5,2,49,5,3,31,54,20,4,4,0,5,103,278,25,44,.315,.438,.470,.908,.306,.155,.401,11.15,19.42,1.74,109.50,AAA,--,2013-2023,2015- 7- 217-PIT,2014
,15,AJ Balta,0,L,--,ut,63,211,32,51,12,3,3,29,7,2,21,50,7,5,2,0,2,78,246,18,33,.242,.328,.370,.697,.251,.128,.300,8.54,20.33,2.38,70.33,College,--,2014-2018,--,2014
,16,Shaun Chase,0,R,--,c,54,145,26,41,9,0,14,37,1,1,15,49,1,6,1,0,3,92,168,23,18,.283,.352,.634,.986,.455,.352,.325,8.93,29.17,3.27,10.36,College,--,2012-2015,--,2014
,24,Mark Karaviotis,18,R,--,ss,58,142,27,36,3,2,0,23,7,2,19,49,10,17,5,0,1,43,193,5,31,.254,.369,.303,.672,.218,.049,.367,9.84,25.39,2.58,--,AA,--,2014-2023,2016- 19- 569-ARI,2014
,22,Austin Grebeck,19,R,--,of,57,126,15,32,8,0,0,19,4,4,20,18,3,9,0,0,0,40,158,8,24,.254,.369,.317,.687,.222,.063,.296,12.66,11.39,0.90,--,AAA,--,2014-2017,2016- 21- 627-SEA,2014
,7,Nick Catalano,0,R,--,of,46,84,21,21,6,0,0,10,10,3,23,26,5,10,0,0,0,27,122,6,15,.250,.438,.321,.759,.429,.071,.362,18.85,21.31,1.13,--,College,--,2013-2016,--,2014
,39,J.B. Bryant,0,B,--,of,46,82,15,18,1,0,0,15,3,1,9,17,4,2,3,0,2,19,100,1,17,.220,.316,.232,.548,.146,.012,.265,9.00,17.00,1.89,--,College,--,2013-2015,--,2014
,29,Steven Packard,22,L,--,of,38,69,11,20,3,2,1,11,0,0,8,11,2,1,1,0,1,30,81,6,14,.290,.375,.435,.810,.261,.145,.328,9.88,13.58,1.38,69.00,College,--,2010-2016,--,2014
,18,Josh Graham,20,R,--,c,27,62,11,17,3,0,0,3,1,0,8,17,1,0,0,0,2,20,71,3,14,.274,.366,.323,.689,.194,.048,.378,11.27,23.94,2.13,--,AA,--,2013-2022,2015- 4- 120-ATL,2014
,14,Jack Kruger,19,R,--,c,28,53,8,11,2,0,1,6,1,0,6,13,0,3,0,0,1,16,62,3,8,.208,.288,.302,.590,.226,.094,.256,9.68,20.97,2.17,53.00,AAA,--,2014-2022,2016- 20- 606-ANA,2014
,9,Kevin Minjares,0,R,--,if,51,49,3,12,1,0,0,4,3,0,4,2,0,2,0,0,0,13,55,1,11,.245,.302,.265,.567,.163,.020,.255,7.27,3.64,0.50,--,College,--,2012-2014,--,2014
,6,Scott Heineman,21,R,--,of,8,35,5,6,2,0,0,2,3,3,1,8,1,0,2,0,0,8,39,2,4,.171,.205,.229,.434,.086,.057,.207,2.56,20.51,8.00,--,MLB,2019-2021,2012-2022,2015- 11- 318-TEX,2014
,11,Desmond Santos,0,R,,if,30,30,11,5,2,0,0,1,1,1,4,6,4,3,0,0,0,7,41,2,3,.167,.342,.233,.575,.200,.067,.208,9.76,14.63,1.50,--,College,--,2013-2014,--,2014
,1,Connor Hofmann,22,L,--,of,11,27,5,6,1,0,0,2,1,0,1,8,0,1,0,0,0,7,29,1,5,.222,.250,.259,.509,.111,.037,.316,3.45,27.59,8.00,--,Indy,--,2011-2018,2010- 16- 484-SDN,2014
,28,Craig Meredith,0,R,--,if,11,11,3,2,1,0,0,0,0,0,1,3,0,1,0,0,0,3,13,1,1,.182,.250,.273,.523,.182,.091,.250,7.69,23.08,3.00,--,College,--,2013-2014,--,2014
,2,Jerry Houston,0,R,--,if,1,1,0,0,0,0,0,0,0,0,0,0,0,0,0,0,0,0,1,0,0,.000,.000,.000,.000,.000,.000,.000,0.00,0.00,--,--,College,--,2014-2014,--,2014
,--,Totals,--,--,--,--,784,2063,368,537,110,27,31,312,76,34,238,492,101,87,22,0,33,794,2511,168,369,.260,.361,.385,.746,.260,.125,.324,9.48,19.59,2.07,66.55,--,--,--,0,2014
,#,player name,age,ba,class,pos,g,ab,r,h,2b,3b,hr,rbi,sb,cs,bb,so,hbp,sh,sf,iw,gdp,tb,pa,xbh,1b,avg,obp,slg,ops,seca,iso,babip,bb%,so%,so/bb,ab/hr,hilvl,mlb years,stat years,draft info,2016
,22,Austin Grebeck,21,R,Jr,of,55,200,53,50,5,3,1,15,8,2,42,36,7,11,1,0,0,64,261,9,41,.250,.396,.320,.716,.310,.070,.299,16.09,13.79,0.86,200.00,AAA,--,2014-2017,2016- 21- 627-SEA,2016
,6,Tim Susnara,20,L,So,c,55,183,21,49,14,0,2,24,5,0,30,38,5,3,0,0,3,69,221,16,33,.268,.385,.377,.762,.301,.109,.329,13.57,17.19,1.27,91.50,AAA,--,2015-2023,2017- 8- 232-ARI,2016
,33,AJ Balta,0,L,Rs-So,ut,50,178,29,39,7,4,9,47,6,5,20,36,8,0,6,0,1,81,212,20,19,.219,.316,.455,.771,.354,.236,.216,9.43,16.98,1.80,19.78,College,--,2014-2018,--,2016
,2,Travis Moniot,19,B,Fr,ss,53,167,25,28,6,0,5,18,5,1,24,53,4,7,1,0,1,49,203,11,17,.168,.286,.293,.579,.293,.126,.209,11.82,26.11,2.21,33.40,A+,--,2016-2021,2018- 17- 498-CHA,2016
,26,Daniel Patzlaff,0,B,So,if,54,159,19,38,4,1,1,23,3,3,24,24,3,5,2,0,1,47,193,6,32,.239,.346,.296,.641,.208,.057,.272,12.44,12.44,1.00,159.00,College,--,2015-2018,--,2016
,29,Steven Packard,24,L,Rs-Sr,of,47,154,22,38,12,1,4,33,1,0,16,28,2,2,3,0,1,64,177,17,21,.247,.320,.416,.736,.279,.169,.272,9.04,15.82,1.75,38.50,College,--,2010-2016,--,2016
,1,Kyle Kasser,20,L,So,ss,49,143,25,38,7,0,0,21,7,1,23,19,0,9,1,0,2,45,176,7,31,.266,.365,.315,.680,.252,.049,.304,13.07,10.80,0.83,--,AAA,--,2015-2023,2018- 30- 902-KCA,2016
,32,Jake Bennett,0,L,Rs-Jr,o,44,138,27,43,8,0,0,25,2,4,24,18,3,5,2,0,1,51,172,8,35,.312,.419,.370,.789,.217,.058,.352,13.95,10.47,0.75,--,College,--,2014-2017,--,2016
,42,Phil Craig-St. Louis,0,L,Sr,of,35,89,10,15,2,1,3,10,1,1,9,25,0,0,0,0,3,28,98,6,9,.169,.245,.315,.560,.247,.146,.197,9.18,25.51,2.78,29.67,Indy,--,2015-2018,--,2016
,23,Jakob Goldfarb,20,L,So,c,40,83,9,18,3,0,1,8,3,0,6,24,2,2,0,0,1,24,93,4,14,.217,.286,.289,.575,.181,.072,.293,6.45,25.81,4.00,83.00,A,--,2015-2023,2019- 24- 710-CHA,2016
,21,Matt Kroon,19,R,Fr,3b,35,76,10,14,2,0,0,5,6,2,8,17,2,0,0,0,1,16,86,2,12,.184,.279,.211,.490,.184,.026,.237,9.30,19.77,2.13,--,AAA,--,2016-2024,2018- 18- 527-PHI,2016
,7,Nick Catalano,0,R,Sr,of,47,74,12,20,7,0,0,17,4,3,9,17,2,2,1,0,4,27,88,7,13,.270,.360,.365,.725,.230,.095,.345,10.23,19.32,1.89,--,College,--,2013-2016,--,2016
,4,Carson Breshears,0,L,Rs-Fr,if,38,63,13,13,1,0,1,7,5,3,9,14,9,4,1,0,0,17,86,2,11,.206,.378,.270,.648,.238,.063,.245,10.47,16.28,1.56,63.00,College,--,2016-2019,--,2016
,5,Slade Heggen,0,R,Rs-Fr,c-of,22,36,5,7,2,1,0,2,1,0,3,11,1,1,0,0,2,11,41,3,4,.194,.275,.306,.581,.222,.111,.280,7.32,26.83,3.67,--,College,--,2016-2019,--,2016
,28,Matt Eureste,22,L,Sr,ss,16,21,4,2,0,0,0,0,0,0,2,6,5,0,0,0,0,2,28,0,2,.095,.321,.095,.417,.095,.000,.133,7.14,21.43,3.00,--,A+,--,2012-2019,2011- 40-1208-CLE,2016
,24,Mark Karaviotis,20,R,Jr,ss,7,13,0,1,0,0,0,2,0,0,0,2,1,0,0,0,0,1,14,0,1,.077,.143,.077,.220,.000,.000,.091,0.00,14.29,--,--,AA,--,2014-2023,2016- 19- 569-ARI,2016
,--,Totals,--,--,--,--,647,1777,284,413,80,11,27,257,57,25,249,368,54,51,18,0,21,596,2149,118,295,.232,.341,.335,.677,.261,.103,.276,11.59,17.12,1.48,65.81,--,--,--,0,2016
,#,player name,age,ba,class,pos,g,ab,r,h,2b,3b,hr,rbi,sb,cs,bb,so,hbp,sh,sf,iw,gdp,tb,pa,xbh,1b,avg,obp,slg,ops,seca,iso,babip,bb%,so%,so/bb,ab/hr,hilvl,mlb years,stat years,draft info,2017
,1,Kyle Kasser,21,L,Jr,ss,55,213,34,75,9,0,1,24,6,3,25,18,8,10,2,0,3,87,258,10,65,.352,.435,.408,.844,.188,.056,.378,9.69,6.98,0.72,213.00,AAA,--,2015-2023,2018- 30- 902-KCA,2017
,16,Jake Bennett,0,L,So,o,55,207,29,56,7,1,2,30,3,5,23,29,3,6,4,0,5,71,243,10,46,.271,.346,.343,.689,.174,.072,.300,9.47,11.93,1.26,103.50,College,--,2014-2017,--,2017
,13,Spencer Steer,19,R,Fr,3b,54,191,23,50,12,3,2,35,4,2,18,24,13,3,5,0,5,74,230,17,33,.262,.357,.387,.744,.230,.126,.282,7.83,10.43,1.33,95.50,MLB,2022-2024,2017-2024,2019- 3- 90-MIN,2017
,12,Gabe Matthews,19,L,Fr,1b,51,177,21,50,7,1,3,26,1,1,24,34,6,0,3,0,5,68,210,11,39,.282,.381,.384,.765,.237,.102,.329,11.43,16.19,1.42,59.00,AAA,--,2017-2023,2021- UDFA-ANA,2017
,9,Morgan McCullough,19,L,Fr,ss,53,170,24,46,6,4,1,21,8,4,27,32,3,7,1,0,3,63,208,11,35,.271,.378,.371,.749,.282,.100,.326,12.98,15.38,1.19,170.00,AAA,--,2017-2024,2019- 22- 661-ANA,2017
,6,Tim Susnara,21,L,Jr,c,50,160,24,39,7,0,5,17,2,0,19,39,6,3,2,0,0,61,190,12,27,.244,.342,.381,.723,.269,.138,.288,10.00,20.53,2.05,32.00,AAA,--,2015-2023,2017- 8- 232-ARI,2017
,33,AJ Balta,0,L,Rs-Jr,ut,50,125,16,25,6,0,1,12,1,3,14,32,9,3,1,0,1,34,152,7,18,.200,.322,.272,.594,.168,.072,.258,9.21,21.05,2.29,125.00,College,--,2014-2018,--,2017
,26,Daniel Patzlaff,0,B,Jr,if,42,113,14,23,1,0,2,16,2,0,14,25,4,1,2,0,3,30,134,3,20,.204,.308,.265,.574,.204,.062,.239,10.45,18.66,1.79,56.50,College,--,2015-2018,--,2017
,46,Taylor Travess,21,L,Jr,if,41,89,16,22,4,1,1,8,2,1,8,15,0,2,0,0,0,31,99,6,16,.247,.309,.348,.658,.202,.101,.288,8.08,15.15,1.88,89.00,College,--,2017-2018,--,2017
,43,Braden Stutzman,0,B,Rs-Fr,c-if,25,44,8,7,2,0,0,4,0,1,12,13,3,3,1,0,1,9,63,2,5,.159,.367,.205,.571,.295,.045,.219,19.05,20.63,1.08,--,College,--,2017-2020,--,2017
,5,Slade Heggen,0,R,Rs-So,c-of,19,40,5,9,0,0,1,4,1,0,5,18,1,0,0,0,2,12,46,1,8,.225,.326,.300,.626,.225,.075,.381,10.87,39.13,3.60,40.00,College,--,2016-2019,--,2017
,21,Kenyon Yovan,19,R,Fr,p,35,38,3,5,1,0,0,5,0,0,6,16,2,1,0,0,0,6,47,1,4,.132,.283,.158,.441,.184,.026,.227,12.77,34.04,2.67,--,AAA,--,2017-2024,2019- 27- 811-ANA,2017
,4,Carson Breshears,0,L,Rs-So,if,41,26,5,4,1,0,0,3,0,1,3,6,0,2,0,0,2,5,31,1,3,.154,.241,.192,.434,.115,.038,.200,9.68,19.35,2.00,--,College,--,2016-2019,--,2017
,29,Ryne Nelson,19,R,Fr,p,26,24,4,4,1,0,0,1,0,0,5,10,0,2,0,0,0,5,31,1,3,.167,.310,.208,.519,.250,.042,.286,16.13,32.26,2.00,--,MLB,2022-2024,2017-2024,2019- 2- 56-ARI,2017
,34,Jason Drees,0,L,Fr,of,6,5,1,1,0,0,0,0,0,0,0,1,1,0,0,0,0,1,6,0,1,.200,.333,.200,.533,.000,.000,.250,0.00,16.67,--,--,College,--,2017-2018,--,2017
,--,Totals,--,--,--,--,603,1622,227,416,64,10,19,206,30,21,203,312,59,43,21,0,30,557,1948,93,323,.256,.356,.343,.699,.218,.087,.303,10.42,16.02,1.54,85.37,--,--,--,0,2017
,#,player name,age,ba,class,pos,g,ab,r,h,2b,3b,hr,rbi,sb,cs,bb,so,hbp,sh,sf,iw,gdp,tb,pa,xbh,1b,avg,obp,slg,ops,seca,iso,babip,bb%,so%,so/bb,ab/hr,hilvl,mlb years,stat years,draft info,2013
,6,Scott Heineman,20,R,So,of,61,230,28,64,14,1,4,38,12,6,15,50,10,5,2,0,2,92,262,19,45,.278,.346,.400,.746,.213,.122,.337,5.73,19.08,3.33,57.50,MLB,2019-2021,2012-2022,2015- 11- 318-TEX,2013
,25,Ryon Healy,21,R,Jr,3b,59,228,44,76,20,0,11,56,5,3,28,24,2,0,2,0,5,129,260,31,45,.333,.408,.566,.973,.364,.232,.333,10.77,9.23,0.86,20.73,MLB,2016-2020,2011-2020,2013- 3- 100-OAK,2013
,2,Brett Thomas,21,L,Jr,of,54,208,45,66,15,0,2,28,12,3,22,50,10,5,2,0,2,87,247,17,49,.317,.405,.418,.823,.250,.101,.405,8.91,20.24,2.27,104.00,A,--,2011-2014,2013- 21- 627-SEA,2013
,20,Aaron Payne,21,L,,if,62,203,39,49,3,3,0,19,16,5,27,41,16,22,4,0,0,58,272,6,43,.241,.368,.286,.654,.232,.044,.295,9.93,15.07,1.52,--,Indy,--,2011-2015,--,2013
,22,J.J. Altobelli,22,R,Sr,3b-ss,64,199,38,55,6,1,0,24,8,3,25,24,3,9,0,0,5,63,236,7,48,.276,.366,.317,.682,.191,.040,.314,10.59,10.17,0.96,--,Rk,--,2010-2013,2013- 18- 545-SLN,2013
,37,Mitchell Tolman,19,L,Fr,if,49,165,16,52,9,1,1,37,2,5,18,25,6,13,5,0,2,66,207,11,41,.315,.392,.400,.792,.176,.085,.354,8.70,12.08,1.39,165.00,AAA,--,2013-2023,2015- 7- 217-PIT,2013
,13,Tyler Baumgartner,0,L,--,of,49,162,23,44,10,4,2,22,7,3,9,33,2,7,1,0,1,68,181,16,28,.272,.316,.420,.736,.228,.148,.328,4.97,18.23,3.67,81.00,College,--,2013-2014,--,2013
,21,Ryan Hambright,22,L,Sr,if-p,45,143,10,26,5,1,0,11,3,1,10,33,4,5,0,0,4,33,162,6,20,.182,.255,.231,.486,.133,.049,.236,6.17,20.37,3.30,--,College,--,2010-2013,--,2013
,1,Connor Hofmann,21,L,Jr,of,53,134,14,26,6,1,0,10,9,0,9,41,3,13,1,0,1,34,160,7,19,.194,.259,.254,.512,.194,.060,.277,5.63,25.63,4.56,--,Indy,--,2011-2018,2010- 16- 484-SDN,2013
,18,Josh Graham,19,R,Fr,c,46,102,13,15,5,0,1,11,0,1,10,30,4,6,2,0,5,23,124,6,9,.147,.246,.225,.471,.167,.078,.192,8.06,24.19,3.00,102.00,AA,--,2013-2022,2015- 4- 120-ATL,2013
,29,Steven Packard,21,L,Jr,of,41,95,10,22,3,1,0,7,4,1,10,14,3,4,0,0,0,27,112,4,18,.232,.324,.284,.608,.189,.053,.272,8.93,12.50,1.40,--,College,--,2010-2016,--,2013
,16,Shaun Chase,0,R,So,c,43,87,11,18,3,0,3,7,0,1,10,40,1,7,1,0,0,30,106,6,12,.207,.293,.345,.638,.241,.138,.333,9.43,37.74,4.00,29.00,College,--,2012-2015,--,2013
,7,Nick Catalano,0,R,Fr,of,25,38,8,9,3,0,0,1,0,1,6,15,0,0,0,0,0,12,44,3,6,.237,.341,.316,.657,.211,.079,.391,13.64,34.09,2.50,--,College,--,2013-2016,--,2013
,4,Kyle Garlick,21,R,Jr,of,10,31,4,3,1,2,0,4,1,0,4,5,1,0,2,0,1,8,38,3,0,.097,.211,.258,.469,.323,.161,.107,10.53,13.16,1.25,--,MLB,2019-2023,2011-2024,2015- 28- 852-LAN,2013
,39,Desmond Santos,0,R,,if,21,16,6,1,1,0,0,1,1,0,4,3,1,0,0,0,0,2,21,1,0,.063,.286,.125,.411,.375,.063,.077,19.05,14.29,0.75,--,College,--,2013-2014,--,2013
,9,Kevin Minjares,0,R,--,if,27,15,4,4,0,0,0,2,1,0,0,3,2,2,0,0,0,4,19,0,4,.267,.353,.267,.620,.067,.000,.333,0.00,15.79,--,--,College,--,2012-2014,--,2013
,28,Craig Meredith,0,R,--,if,10,11,0,3,1,0,0,1,0,0,0,0,0,0,0,0,0,4,11,1,2,.273,.273,.364,.636,.091,.091,.273,0.00,0.00,--,--,College,--,2013-2014,--,2013
,--,Totals,--,--,--,--,719,2067,313,533,105,15,24,279,81,33,207,431,68,98,22,0,28,740,2462,144,389,.258,.342,.358,.700,.224,.100,.312,8.41,17.51,2.08,86.13,--,--,--,0,2013
,#,player name,age,ba,class,pos,g,ab,r,h,2b,3b,hr,rbi,sb,cs,bb,so,hbp,sh,sf,iw,gdp,tb,pa,xbh,1b,avg,obp,slg,ops,seca,iso,babip,bb%,so%,so/bb,ab/hr,hilvl,mlb years,stat years,draft info,2012
,25,Ryon Healy,20,R,So,3b,65,253,35,79,13,1,4,42,3,2,23,45,5,4,2,0,2,106,287,18,61,.312,.378,.419,.797,.202,.107,.364,8.01,15.68,1.96,63.25,MLB,2016-2020,2011-2020,2013- 3- 100-OAK,2012
,20,Aaron Payne,20,L,Sr,if,65,235,42,65,8,4,1,27,16,6,27,42,25,18,2,0,1,84,307,13,52,.277,.405,.357,.762,.238,.081,.330,8.79,13.68,1.56,235.00,Indy,--,2011-2015,--,2012
,9,Aaron Jones,21,R,So,c,56,208,38,63,13,2,6,39,7,5,23,39,9,8,4,0,5,98,252,21,42,.303,.389,.471,.860,.288,.168,.341,9.13,15.48,1.70,34.67,College,--,2011-2012,2012- 18- 558-COL,2012
,4,Kyle Garlick,20,R,So,of,61,202,28,58,11,4,6,41,9,5,29,38,5,3,5,0,1,95,244,21,37,.287,.382,.470,.852,.347,.183,.319,11.89,15.57,1.31,33.67,MLB,2019-2023,2011-2024,2015- 28- 852-LAN,2012
,2,Brett Thomas,20,L,So,of,59,201,22,63,14,4,1,25,9,4,14,36,4,9,1,0,5,88,229,19,44,.313,.368,.438,.806,.219,.124,.376,6.11,15.72,2.57,201.00,A,--,2011-2014,2013- 21- 627-SEA,2012
,22,J.J. Altobelli,21,R,Jr,3b-ss,52,200,32,53,12,1,0,14,6,7,20,12,8,4,1,0,2,67,233,13,40,.265,.354,.335,.689,.165,.070,.280,8.58,5.15,0.60,--,Rk,--,2010-2013,2013- 18- 545-SLN,2012
,33,Brett Hambright,23,R,Sr,c,59,157,16,34,6,0,1,15,1,1,26,24,4,14,1,0,2,43,202,7,27,.217,.340,.274,.614,.223,.057,.248,12.87,11.88,0.92,157.00,College,--,2008-2012,2009- 38-1141-COL,2012
,1,Connor Hofmann,20,L,So,of,58,142,19,34,2,1,3,14,9,3,13,37,4,12,3,0,1,47,174,6,28,.239,.315,.331,.646,.225,.092,.295,7.47,21.26,2.85,47.33,Indy,--,2011-2018,2010- 16- 484-SDN,2012
,21,Ryan Hambright,21,L,Jr,if-p,38,102,11,27,2,1,1,12,0,0,9,21,0,0,1,0,0,34,112,4,23,.265,.321,.333,.655,.157,.069,.321,8.04,18.75,2.33,102.00,College,--,2010-2013,--,2012
,6,Scott Heineman,19,R,Fr,of,29,90,16,17,3,1,1,9,7,0,19,22,3,1,2,0,0,25,115,5,12,.189,.342,.278,.620,.378,.089,.232,16.52,19.13,1.16,90.00,MLB,2019-2021,2012-2022,2015- 11- 318-TEX,2012
,16,Shaun Chase,0,R,Fr,c,25,73,10,13,5,1,2,9,0,0,6,30,1,4,0,0,0,26,84,8,5,.178,.250,.356,.606,.260,.178,.268,7.14,35.71,5.00,36.50,College,--,2012-2015,--,2012
,42,Thomas Walker,0,R,Fr,if,25,66,10,15,3,0,1,4,0,2,5,7,2,0,0,0,2,21,73,4,11,.227,.301,.318,.620,.136,.091,.241,6.85,9.59,1.40,66.00,College,--,2012-2016,--,2012
,48,Kevin Shepherd,0,R,Sr,if,39,57,9,11,0,0,0,4,3,4,10,16,5,5,1,0,1,11,78,0,11,.193,.356,.193,.549,.158,.000,.262,12.82,20.51,1.60,--,College,--,2012-2012,--,2012
,15,Andrew Mendenhall,21,R,Jr,of,41,55,7,12,1,0,1,6,3,3,10,12,0,4,0,0,0,16,69,2,10,.218,.338,.291,.629,.255,.073,.262,14.49,17.39,1.20,55.00,College,--,2010-2012,--,2012
,37,Vernell Warren,23,R,Sr,2b,38,35,5,12,2,0,0,2,0,2,3,9,0,1,1,0,0,14,40,2,10,.343,.385,.400,.785,.086,.057,.444,7.50,22.50,3.00,--,College,--,2012-2012,2007- 36-1093-ATL,2012
,23,Jordan Spencer,19,L,Fr,if,13,18,1,2,0,0,0,0,0,0,6,2,1,0,0,0,1,2,25,0,2,.111,.360,.111,.471,.333,.000,.125,24.00,8.00,0.33,--,Indy,--,2012-2015,--,2012
,7,Billy Flamion,19,L,Fr,p,10,11,0,1,0,0,0,1,0,0,1,3,0,0,0,0,0,1,12,0,1,.091,.167,.091,.258,.091,.000,.125,8.33,25.00,3.00,--,Rk,--,2012-2014,2013- 15- 454-LAN,2012
,38,Daniel Pardini,0,R,So,c,12,10,2,1,0,0,1,2,0,0,1,5,1,1,0,0,0,4,13,1,0,.100,.250,.400,.650,.400,.300,.000,7.69,38.46,5.00,10.00,College,--,2011-2012,--,2012
,35,Antony Kreitz,23,R,--,of,6,4,1,2,0,0,0,0,0,0,0,0,0,0,0,0,0,2,4,0,2,.500,.500,.500,1.000,.000,.000,.500,0.00,0.00,--,--,College,--,2009-2012,--,2012
,--,Totals,--,--,--,--,751,2119,304,562,95,20,29,266,73,44,245,400,77,88,24,0,23,784,2553,144,418,.265,.359,.370,.729,.234,.105,.311,9.60,15.67,1.63,73.07,--,--,--,0,2012
,#,player name,age,ba,class,pos,g,ab,r,h,2b,3b,hr,rbi,sb,cs,bb,so,hbp,sh,sf,iw,gdp,tb,pa,xbh,1b,avg,obp,slg,ops,seca,iso,babip,bb%,so%,so/bb,ab/hr,hilvl,mlb years,stat years,draft info,2010
,1,Daniel Pulfer,20,R,So,2b,64,247,47,74,14,0,3,38,6,6,19,39,6,2,12,0,9,97,286,17,57,.300,.349,.393,.741,.170,.093,.327,6.64,13.64,2.05,82.33,A-,--,2009-2016,2011- 19- 574-ARI,2010
,6,KC Serna,20,R,So,3b-2b,58,233,45,81,13,1,5,37,14,8,22,23,9,3,7,0,5,111,274,19,62,.348,.413,.476,.890,.249,.129,.358,8.03,8.39,1.05,46.60,AAA,--,2009-2017,2011- 42-1268-CLE,2010
,12,Eddie Rodriguez,21,R,--,c,63,228,38,75,12,1,7,45,2,3,22,36,6,2,4,0,4,110,262,20,55,.329,.396,.482,.879,.246,.154,.360,8.40,13.74,1.64,32.57,A-,--,2009-2011,2010- 32- 977-MIA,2010
,49,J.J. Altobelli,19,R,Fr,3b-ss,57,200,31,55,8,1,1,33,3,2,14,25,6,1,8,0,9,68,229,10,45,.275,.329,.340,.669,.140,.065,.297,6.11,10.92,1.79,200.00,Rk,--,2010-2013,2013- 18- 545-SLN,2010
,27,Jack Marder,20,R,Fr,2b,57,197,38,49,11,1,5,33,7,0,14,27,15,1,10,0,7,77,237,17,32,.249,.331,.391,.721,.249,.142,.251,5.91,11.39,1.93,39.40,AA,--,2010-2014,2011- 16- 483-SEA,2010
,28,Marcus Piazzisi,20,L,Jr,of,61,186,39,50,13,3,3,34,12,3,27,22,3,1,6,0,7,78,223,19,31,.269,.360,.419,.780,.344,.151,.281,12.11,9.87,0.81,62.00,College,--,2010-2011,--,2010
,--,Steven Packard,18,L,Fr,of,52,159,23,53,11,0,2,18,0,4,19,13,3,1,2,0,2,70,184,13,40,.333,.410,.440,.850,.201,.107,.349,10.33,7.07,0.68,79.50,College,--,2010-2016,--,2010
,4,Curtis Raulinaitis,21,L,Sr,of-if,60,151,30,42,6,2,2,32,13,1,19,23,3,2,5,0,3,58,180,10,32,.278,.360,.384,.744,.311,.106,.305,10.56,12.78,1.21,75.50,College,--,2009-2010,--,2010
,51,Shawn Peterson,22,R,Jr,if,47,120,16,42,10,0,0,19,0,0,10,26,7,1,2,0,2,52,140,10,32,.350,.424,.433,.858,.167,.083,.438,7.14,18.57,2.60,--,College,--,2010-2011,--,2010
,32,Paul Eshleman,19,R,So,c,32,88,11,22,8,0,3,8,0,0,3,25,1,0,2,0,1,39,94,11,11,.250,.277,.443,.720,.227,.193,.306,3.19,26.60,8.33,29.33,A+,--,2009-2015,2012- 23- 725-MIL,2010
,5,Jett Hart,21,R,Sr,ss,57,72,13,17,2,2,0,3,9,0,10,21,2,0,6,0,2,23,90,4,13,.236,.322,.319,.642,.347,.083,.298,11.11,23.33,2.10,--,Indy,--,2009-2011,2006- 44-1321-SDN,2010
,46,Ryan Hambright,19,L,Fr,if-p,33,67,15,15,1,0,0,4,0,0,13,20,3,0,3,0,0,16,86,1,14,.224,.360,.239,.599,.209,.015,.300,15.12,23.26,1.54,--,College,--,2010-2013,--,2010
,15,Andrew Mendenhall,19,R,Fr,of,36,44,6,14,4,0,0,5,4,2,2,10,2,0,6,0,0,18,54,4,10,.318,.333,.409,.742,.182,.091,.350,3.70,18.52,5.00,--,College,--,2010-2012,--,2010
,19,Dylan Gavin,20,R,So,if,28,43,11,13,0,1,1,7,2,0,4,8,0,0,3,0,0,18,50,2,11,.302,.340,.419,.759,.256,.116,.324,8.00,16.00,2.00,43.00,College,--,2009-2011,--,2010
,17,Mitch Karraker,21,L,Jr,c,25,40,10,12,5,0,0,8,0,1,13,8,0,0,0,0,1,17,53,5,7,.300,.472,.425,.897,.425,.125,.375,24.53,15.09,0.62,--,College,--,2009-2011,--,2010
,35,Nick Wagner,19,R,Fr,p,17,27,2,5,1,0,0,6,0,0,2,9,0,0,0,0,2,6,29,1,4,.185,.241,.222,.464,.111,.037,.278,6.90,31.03,4.50,--,Rk,--,2010-2014,2014- 31- 929-ANA,2010
,--,Steve Kaupang,21,R,Jr,1b,10,25,0,1,0,0,0,1,0,0,2,11,0,0,1,0,1,1,28,0,1,.040,.107,.040,.147,.080,.000,.067,7.14,39.29,5.50,--,College,--,2008-2010,2009- 50-1515-NYA,2010
,2,Scott McGough,20,R,So,p,6,8,1,3,1,0,0,1,1,1,2,0,1,0,1,0,0,4,12,1,2,.375,.500,.500,1.000,.375,.125,.333,16.67,0.00,0.00,--,MLB,2015-2024,2009-2024,2011- 5- 164-LAN,2010
,18,Taylor Ausbun,20,R,Fr,c,2,2,0,1,0,0,0,0,0,0,0,0,0,0,0,0,0,1,2,0,1,.500,.500,.500,1.000,.000,.000,.500,0.00,0.00,--,--,College,--,2009-2012,--,2010
,--,Totals,--,--,--,--,765,2137,376,624,120,12,32,332,73,31,217,346,67,14,78,0,55,864,2513,164,460,.292,.363,.404,.768,.234,.112,.322,8.64,13.77,1.59,66.78,--,--,--,0,2010
,#,player name,age,ba,class,pos,g,ab,r,h,2b,3b,hr,rbi,sb,cs,bb,so,hbp,sh,sf,iw,gdp,tb,pa,xbh,1b,avg,obp,slg,ops,seca,iso,babip,bb%,so%,so/bb,ab/hr,hilvl,mlb years,stat years,draft info,2011
,1,Daniel Pulfer,21,R,Jr,2b,59,225,38,79,16,2,2,20,8,7,24,29,6,8,1,0,6,105,264,20,59,.351,.426,.467,.892,.227,.116,.395,9.09,10.98,1.21,112.50,A-,--,2009-2016,2011- 19- 574-ARI,2011
,9,Aaron Jones,20,R,Fr,c,59,211,29,57,10,2,2,36,6,2,25,41,10,12,3,0,2,77,261,14,43,.270,.369,.365,.734,.232,.095,.322,9.58,15.71,1.64,105.50,College,--,2011-2012,2012- 18- 558-COL,2011
,49,J.J. Altobelli,20,R,So,3b-ss,59,203,26,48,12,1,0,20,7,1,13,24,2,13,3,0,1,62,234,13,35,.236,.285,.305,.590,.163,.069,.264,5.56,10.26,1.85,--,Rk,--,2010-2013,2013- 18- 545-SLN,2011
,6,KC Serna,21,R,Jr,3b-2b,51,177,34,41,8,0,2,22,12,1,24,30,5,5,2,0,3,55,213,10,31,.232,.337,.311,.647,.277,.079,.265,11.27,14.08,1.25,88.50,AAA,--,2009-2017,2011- 42-1268-CLE,2011
,7,Jack Marder,21,R,So,2b,45,139,19,29,6,0,2,19,10,3,17,27,17,5,2,0,1,41,180,8,21,.209,.360,.295,.655,.259,.086,.241,9.44,15.00,1.59,69.50,AA,--,2010-2014,2011- 16- 483-SEA,2011
,16,Stefan Sabol,19,R,Fr,of,39,126,10,32,7,1,1,15,2,0,22,29,2,2,1,0,1,44,153,9,23,.254,.371,.349,.720,.286,.095,.320,14.38,18.95,1.32,126.00,AA,--,2011-2017,2012- 17- 530-NYN,2011
,25,Ryon Healy,19,R,Fr,3b,37,122,20,39,10,1,4,20,2,2,9,21,2,2,1,0,2,63,136,15,24,.320,.373,.516,.890,.270,.197,.357,6.62,15.44,2.33,30.50,MLB,2016-2020,2011-2020,2013- 3- 100-OAK,2011
,12,Shawn Peterson,23,R,Sr,if,44,118,13,35,6,0,1,17,0,1,7,30,7,4,3,0,3,44,139,7,28,.297,.363,.373,.736,.127,.076,.378,5.04,21.58,4.29,118.00,College,--,2010-2011,--,2011
,4,Kyle Garlick,19,R,Fr,of,32,104,14,26,3,2,2,21,0,2,8,23,1,0,3,0,2,39,116,7,19,.250,.302,.375,.677,.183,.125,.293,6.90,19.83,2.88,52.00,MLB,2019-2023,2011-2024,2015- 28- 852-LAN,2011
,5,Brett Thomas,19,L,Fr,of,43,103,14,30,5,1,0,10,1,5,15,28,4,13,0,0,1,37,135,6,24,.291,.402,.359,.761,.175,.068,.400,11.11,20.74,1.87,--,A,--,2011-2014,2013- 21- 627-SEA,2011
,22,Tyler Kuresa,18,L,Fr,1b,33,89,9,17,5,1,0,9,1,0,7,19,2,1,1,0,2,24,100,6,11,.191,.263,.270,.532,.169,.079,.239,7.00,19.00,2.71,--,A,--,2011-2015,2014- 16- 470-MIN,2011
,46,Ryan Hambright,20,L,So,if-p,33,74,5,14,1,0,0,6,1,0,6,12,3,1,1,0,2,15,85,1,13,.189,.274,.203,.477,.108,.014,.222,7.06,14.12,2.00,--,College,--,2010-2013,--,2011
,33,Brett Hambright,22,R,Jr,c,30,69,8,18,1,0,0,11,0,0,10,10,2,2,0,0,0,19,83,1,17,.261,.370,.275,.646,.159,.014,.305,12.05,12.05,1.00,--,College,--,2008-2012,2009- 38-1141-COL,2011
,15,Andrew Mendenhall,20,R,So,of,45,53,11,12,2,0,1,5,4,1,8,10,3,4,0,0,0,17,68,3,9,.226,.359,.321,.680,.302,.094,.262,11.76,14.71,1.25,53.00,College,--,2010-2012,--,2011
,28,Marcus Piazzisi,21,L,Sr,of,19,49,10,11,2,0,0,5,3,1,10,5,0,7,0,0,0,13,66,2,9,.224,.356,.265,.621,.286,.041,.250,15.15,7.58,0.50,--,College,--,2010-2011,--,2011
,32,Paul Eshleman,20,R,Jr,c,24,42,5,10,1,0,2,9,0,0,1,13,0,0,5,0,0,17,48,3,7,.238,.229,.405,.634,.190,.167,.250,2.08,27.08,13.00,21.00,A+,--,2009-2015,2012- 23- 725-MIL,2011
,18,Connor Hofmann,19,L,Fr,of,23,33,7,7,1,0,0,4,3,1,0,11,3,1,1,0,0,8,38,1,6,.212,.270,.242,.513,.091,.030,.304,0.00,28.95,--,--,Indy,--,2011-2018,2010- 16- 484-SDN,2011
,20,Aaron Payne,19,L,Jr,if,12,16,4,3,0,0,0,0,0,0,2,5,1,3,0,0,1,3,22,0,3,.188,.316,.188,.503,.125,.000,.273,9.09,22.73,2.50,--,Indy,--,2011-2015,--,2011
,19,Dylan Gavin,21,R,Jr,if,21,14,6,0,0,0,0,1,1,1,1,2,0,1,0,0,0,0,16,0,0,.000,.067,.000,.067,.071,.000,.000,6.25,12.50,2.00,--,College,--,2009-2011,--,2011
,17,Mitch Karraker,22,L,Sr,c,6,6,0,1,0,0,0,0,0,0,0,3,0,0,0,0,0,1,6,0,1,.167,.167,.167,.333,.000,.000,.333,0.00,50.00,--,--,College,--,2009-2011,--,2011
,10,Scott McGough,21,R,Jr,p,1,5,0,1,0,0,0,1,0,0,0,0,0,0,0,0,0,1,5,0,1,.200,.200,.200,.400,.000,.000,.200,0.00,0.00,--,--,MLB,2015-2024,2009-2024,2011- 5- 164-LAN,2011
,36,Erik Bonn,0,R,So,c,1,1,0,0,0,0,0,1,0,0,0,0,0,0,0,0,0,0,1,0,0,.000,.000,.000,.000,.000,.000,.000,0.00,0.00,--,--,College,--,2011-2011,--,2011
,38,Daniel Pardini,0,R,Fr,c,2,0,0,0,0,0,0,0,0,0,1,0,0,0,0,0,0,0,1,0,0,--,1.000,--,--,--,--,--,100.00,0.00,0.00,--,College,--,2011-2012,--,2011
,--,Totals,--,--,--,--,718,1979,282,510,96,11,19,252,61,28,210,372,70,84,27,0,27,685,2370,126,384,.258,.346,.346,.692,.211,.088,.304,8.86,15.70,1.77,104.16,--,--,--,0,2011
